{
    "_motorsDatas": {
        "LegFrontLeftBot": 0.2000123,
        "LegFrontLeftTop": -0.21698,
        "ShoulderFrontLeft": 0.1999983,
        "LegFrontRightBot": 0.2000055,
        "LegFrontRightTop": -0.2200317,
        "ShoulderFrontRight": -0.2000122,
        "LegBackLeftBot": 0.6141759,
        "LegBackLeftTop": -0.2263184,
        "ShoulderBackLeft": 0.2000043,
        "LegBackRightBot": 0.1985436,
        "LegBackRightTop": -0.224823,
        "ShoulderBackRight": -0.2000122
    },
    "_lidarDatas": [
        [-45, 0 ,0],
        [-25, 0 ,0],
        [-5, 0 ,446,9708],
        [15, 0 ,798,4775],
        [35, 0 ,0]
    ],
    "_sensorDatas": {
        "roll": 0,
        "pitch": 0,
        "yaw": 0,
        "altitude": -17.3
    }
}