{
    "_motorsDatas": {
        "LegFrontLeftBot": 10.1,
        "LegFrontLeftTop": 10.17827,
        "ShoulderFrontLeft": -10.00882,
        "LegFrontRightBot": 11.78798,
        "LegFrontRightTop": 9.58566,
        "ShoulderFrontRight": -9.900085,
        "LegBackLeftBot": 10.93375,
        "LegBackLeftTop": 10.12543,
        "ShoulderBackLeft": 10.09064,
        "LegBackRightBot": -23.06049,
        "LegBackRightTop": -12.53812,
        "ShoulderBackRight": -20
    },
    "_lidarDatas": [
        [-45, 0 ,0],
        [-44, 0 ,0],
        [-43, 0 ,651,843],
        [-42, 0 ,638,7954],
        [-41, 0 ,632,7664],
        [-40, 0 ,630,4626],
        [-39, 0 ,631,2042],
        [-38, 0 ,635,1901],
        [-37, 0 ,643,8697],
        [-36, 0 ,0],
        [-35, 0 ,0],
        [-34, 0 ,0],
        [-33, 0 ,0],
        [-32, 0 ,0],
        [-31, 0 ,0],
        [-30, 0 ,0],
        [-29, 0 ,0],
        [-28, 0 ,0],
        [-27, 0 ,0],
        [-26, 0 ,0],
        [-25, 0 ,0],
        [-24, 0 ,0],
        [-23, 0 ,0],
        [-22, 0 ,0],
        [-21, 0 ,0],
        [-20, 0 ,0],
        [-19, 0 ,0],
        [-18, 0 ,0],
        [-17, 0 ,0],
        [-16, 0 ,0],
        [-15, 0 ,0],
        [-14, 0 ,458,9013],
        [-13, 0 ,456,9824],
        [-12, 0 ,455,2176],
        [-11, 0 ,453,6039],
        [-10, 0 ,452,139],
        [-9, 0 ,450,8203],
        [-8, 0 ,449,6459],
        [-7, 0 ,448,6139],
        [-6, 0 ,447,7227],
        [-5, 0 ,446,9708],
        [-4, 0 ,446,3573],
        [-3, 0 ,445,881],
        [-2, 0 ,515,7668],
        [-1, 0 ,0],
        [0, 0 ,0],
        [1, 0 ,0],
        [2, 0 ,0],
        [3, 0 ,0],
        [4, 0 ,0],
        [5, 0 ,0],
        [6, 0 ,0],
        [7, 0 ,0],
        [8, 0 ,0],
        [9, 0 ,0],
        [10, 0 ,0],
        [11, 0 ,812,3306],
        [12, 0 ,788,5006],
        [13, 0 ,791,5576],
        [14, 0 ,794,8814],
        [15, 0 ,798,4775],
        [16, 0 ,802,3517],
        [17, 0 ,806,5107],
        [18, 0 ,810,9612],
        [19, 0 ,0],
        [20, 0 ,0],
        [21, 0 ,0],
        [22, 0 ,0],
        [23, 0 ,0],
        [24, 0 ,0],
        [25, 0 ,0],
        [26, 0 ,0],
        [27, 0 ,0],
        [28, 0 ,0],
        [29, 0 ,0],
        [30, 0 ,0],
        [31, 0 ,0],
        [32, 0 ,0],
        [33, 0 ,0],
        [34, 0 ,0],
        [35, 0 ,0],
        [36, 0 ,0],
        [37, 0 ,0],
        [38, 0 ,0],
        [39, 0 ,0],
        [40, 0 ,0],
        [41, 0 ,0],
        [42, 0 ,0],
        [43, 0 ,0],
        [44, 0 ,0],
        [45, 0 ,0]
    ],
    "_sensorDatas": {
        "roll": 0,
        "pitch": 0,
        "yaw": 0,
        "altitude": 50
    }
}