{
    "_motorsDatas": {
        "LegFrontLeftBot": 9.214588,
        "LegFrontLeftTop": 10.04129,
        "ShoulderFrontLeft": -6.264099,
        "LegFrontRightBot": 10.06164,
        "LegFrontRightTop": 10.14045,
        "ShoulderFrontRight": 10.07218,
        "LegBackLeftBot": 10.44817,
        "LegBackLeftTop": 10.15,
        "ShoulderBackLeft": -10.19412,
        "LegBackRightBot": 10.06594,
        "LegBackRightTop": 10.16181,
        "ShoulderBackRight": 10.15
    },
    "_lidarDatas": [
        [-45, 0 ,242,4433],
        [-25, 0 ,302,7066],
        [-5, 0 ,302,7065],
        [15, 0 ,302,7066],
        [35, 0 ,302,7066]
    ],
    "_sensorDatas": {
        "roll": -2.449014,
        "pitch": 9.995173,
        "yaw": 80.83494,
        "posX": -4787.393,
        "posY": 45.23371,
        "posZ": -1.429153
    },
	"score": 4,
	"finished": 0
}