{
    "_motorsDatas": {
        "LegFrontLeftBot": -14.26563,
        "LegFrontLeftTop": 23.49538,
        "ShoulderFrontLeft": 0.07416482,
        "LegFrontRightBot": 15.19655,
        "LegFrontRightTop": 27.46531,
        "ShoulderFrontRight": 0.008219818,
        "LegBackLeftBot": 33.31401,
        "LegBackLeftTop": 28.98186,
        "ShoulderBackLeft": -0.1000061,
        "LegBackRightBot": -10.72568,
        "LegBackRightTop": 31.29453,
        "ShoulderBackRight": 0.02122631
    },
    "_lidarDatas": [
        [-45, 0 ,0],
        [-44, 0 ,0],
        [-43, 0 ,0],
        [-42, 0 ,0],
        [-41, 0 ,0],
        [-40, 0 ,0],
        [-39, 0 ,0],
        [-38, 0 ,0],
        [-37, 0 ,0],
        [-36, 0 ,0],
        [-35, 0 ,0],
        [-34, 0 ,0],
        [-33, 0 ,0],
        [-32, 0 ,0],
        [-31, 0 ,0],
        [-30, 0 ,0],
        [-29, 0 ,0],
        [-28, 0 ,0],
        [-27, 0 ,0],
        [-26, 0 ,0],
        [-25, 0 ,0],
        [-24, 0 ,0],
        [-23, 0 ,0],
        [-22, 0 ,0],
        [-21, 0 ,0],
        [-20, 0 ,0],
        [-19, 0 ,0],
        [-18, 0 ,0],
        [-17, 0 ,0],
        [-16, 0 ,218,6636],
        [-15, 0 ,217,6077],
        [-14, 0 ,216,6277],
        [-13, 0 ,215,7219],
        [-12, 0 ,214,8888],
        [-11, 0 ,214,127],
        [-10, 0 ,213,4355],
        [-9, 0 ,212,813],
        [-8, 0 ,212,2586],
        [-7, 0 ,211,7715],
        [-6, 0 ,211,3507],
        [-5, 0 ,210,9958],
        [-4, 0 ,210,7062],
        [-3, 0 ,210,4814],
        [-2, 0 ,210,321],
        [-1, 0 ,210,2249],
        [0, 0 ,210,1929],
        [1, 0 ,210,2249],
        [2, 0 ,210,321],
        [3, 0 ,210,4814],
        [4, 0 ,210,7062],
        [5, 0 ,210,9958],
        [6, 0 ,211,3507],
        [7, 0 ,211,7715],
        [8, 0 ,212,2586],
        [9, 0 ,212,813],
        [10, 0 ,213,4355],
        [11, 0 ,0],
        [12, 0 ,0],
        [13, 0 ,0],
        [14, 0 ,0],
        [15, 0 ,0],
        [16, 0 ,0],
        [17, 0 ,0],
        [18, 0 ,0],
        [19, 0 ,645,7549],
        [20, 0 ,614,6926],
        [21, 0 ,586,6519],
        [22, 0 ,578,3027],
        [23, 0 ,582,4987],
        [24, 0 ,586,9363],
        [25, 0 ,591,6234],
        [26, 0 ,596,5693],
        [27, 0 ,601,7834],
        [28, 0 ,607,2761],
        [29, 0 ,613,0583],
        [30, 0 ,619,1423],
        [31, 0 ,0],
        [32, 0 ,0],
        [33, 0 ,0],
        [34, 0 ,0],
        [35, 0 ,0],
        [36, 0 ,0],
        [37, 0 ,0],
        [38, 0 ,0],
        [39, 0 ,0],
        [40, 0 ,0],
        [41, 0 ,0],
        [42, 0 ,0],
        [43, 0 ,0],
        [44, 0 ,0],
        [45, 0 ,0]
    ]
}