{
    "_motorsDatas": {
        "LegFrontLeftBot": 0.2000021,
        "LegFrontLeftTop": -0.21698,
        "ShoulderFrontLeft": 0.1999997,
        "LegFrontRightBot": 0.1999953,
        "LegFrontRightTop": -0.2200012,
        "ShoulderFrontRight": -0.2000122,
        "LegBackLeftBot": 0.4886193,
        "LegBackLeftTop": -0.2261658,
        "ShoulderBackLeft": 0.2000044,
        "LegBackRightBot": 30.00047,
        "LegBackRightTop": -0.04870605,
        "ShoulderBackRight": -0.2000122
    },
    "_lidarDatas": [
        [-45, 0 ,0],
        [-25, 0 ,0],
        [-5, 0 ,446,9708],
        [15, 0 ,798,4775],
        [35, 0 ,0]
    ],
    "_sensorDatas": {
        "roll": 0,
        "pitch": 0,
        "yaw": 0,
        "altitude": -17.3
    }
}